<login_data>
    <row1>
        <user>admin@yourstore.com</user>
        <password>admin</password>
        <expected>Pass</expected>
    </row1>
    <row2>
        <user>admin@yourstore.com</user>
        <password>min</password>
        <expected>Fail</expected>
    </row2>
    <row3>
        <user>admin@store.com</user>
        <password>adm</password>
        <expected>Fail</expected>
    </row3>
    <row4>
        <user>admin@yourstore</user>
        <password>admin</password>
        <expected>Fail</expected>
    </row4>
</login_data>